Pong-v0,0.999,32,100000,50000,1.0,0.1,1000000,4,2500,5e-05
step,rew_mean,len_mean,episode_count
1000,-9.666666666666666,616.3333333333334,3
2000,-14.0,817.4,5
3000,-16.666666666666668,1009.6666666666666,9
4000,-17.923076923076923,1046.7692307692307,13
5000,-18.58823529411765,1099.5294117647059,17
6000,-18.85,1101.1,20
7000,-19.08695652173913,1112.8260869565217,23
8000,-19.192307692307693,1124.076923076923,26
9000,-19.310344827586206,1132.0,29
10000,-19.375,1156.5625,32
11000,-19.444444444444443,1169.5,36
12000,-19.487179487179485,1167.6666666666667,39
13000,-19.51219512195122,1172.1463414634147,41
14000,-19.57777777777778,1174.088888888889,45
15000,-19.653061224489797,1167.7142857142858,49
16000,-19.69811320754717,1174.7735849056603,53
17000,-19.714285714285715,1180.142857142857,56
18000,-19.74576271186441,1177.4745762711864,59
19000,-19.725806451612904,1192.6290322580646,62
20000,-19.772727272727273,1187.6363636363637,66
21000,-19.808823529411764,1185.5588235294117,68
22000,-19.86111111111111,1183.0972222222222,72
23000,-19.894736842105264,1183.342105263158,76
24000,-19.924050632911392,1177.6835443037974,79
25000,-19.902439024390244,1185.0853658536585,82
26000,-19.905882352941177,1188.6,85
27000,-19.921348314606742,1189.4044943820224,89
28000,-19.956521739130434,1185.6521739130435,92
29000,-19.9375,1189.6770833333333,96
30000,-19.93877551020408,1188.3265306122448,98
31000,-20.16,1205.19,102
32000,-20.2,1211.12,106
33000,-20.22,1207.48,109
34000,-20.22,1206.42,113
35000,-20.22,1205.97,115
36000,-20.21,1204.45,119
37000,-20.22,1202.22,122
38000,-20.24,1203.93,126
39000,-20.25,1203.02,129
40000,-20.25,1201.89,131
41000,-20.25,1198.68,135
42000,-20.28,1196.77,139
43000,-20.3,1194.32,143
44000,-20.26,1199.21,147
45000,-20.24,1201.5,150
46000,-20.26,1200.77,152
47000,-20.27,1199.14,155
48000,-20.27,1199.59,159
49000,-20.3,1192.53,163
50000,-20.3,1193.43,165
51000,-20.31,1197.45,167
52000,-20.24,1211.05,171
53000,-20.25,1212.29,175
54000,-20.23,1218.58,179
55000,-20.26,1212.54,182
56000,-20.26,1209.7,184
57000,-20.27,1206.0,187
58000,-20.27,1210.83,191
59000,-20.3,1207.88,195
60000,-20.35,1206.8,199
61000,-20.37,1205.65,202
62000,-20.38,1203.58,203
63000,-20.32,1214.92,207
64000,-20.3,1220.33,211
65000,-20.26,1225.45,213
66000,-20.23,1230.24,216
67000,-20.21,1233.46,219
68000,-20.17,1240.99,223
69000,-20.17,1240.05,225
70000,-20.14,1242.51,229
71000,-20.14,1242.29,233
72000,-20.16,1240.06,236
73000,-20.15,1241.61,240
74000,-20.14,1244.29,241
75000,-20.14,1246.36,245
76000,-20.13,1247.68,248
77000,-20.13,1245.3,252
78000,-20.12,1246.26,255
79000,-20.13,1248.33,259
80000,-20.12,1247.04,262
81000,-20.1,1253.41,264
82000,-20.1,1247.06,268
83000,-20.13,1242.97,272
84000,-20.14,1237.7,276
85000,-20.15,1232.81,279
86000,-20.14,1235.91,281
87000,-20.14,1236.46,285
88000,-20.11,1239.76,288
89000,-20.09,1239.2,292
90000,-20.06,1245.39,295
91000,-20.06,1248.27,297
92000,-20.05,1252.49,300
93000,-20.07,1251.8,304
94000,-20.13,1241.44,307
95000,-20.16,1243.25,310
96000,-20.15,1246.29,312
97000,-20.17,1247.07,316
98000,-20.19,1245.27,319
99000,-20.18,1250.34,323
100000,-20.19,1248.24,324
101000,-20.19,1250.86,328
102000,-20.16,1256.33,331
103000,-20.17,1256.59,335
104000,-20.15,1256.81,338
105000,-20.16,1253.76,342
106000,-20.18,1251.31,344
107000,-20.14,1260.99,347
108000,-20.2,1257.47,349
109000,-20.13,1271.45,353
110000,-20.12,1275.59,355
111000,-20.09,1285.13,358
112000,-20.09,1289.25,361
113000,-20.1,1289.41,363
114000,-20.09,1293.69,366
115000,-20.07,1307.82,369
116000,-20.03,1312.0,371
117000,-19.98,1325.7,375
118000,-19.95,1330.56,376
119000,-19.92,1346.05,379
120000,-19.89,1355.44,382
121000,-19.89,1359.44,384
122000,-19.86,1367.7,388
123000,-19.84,1373.08,390
124000,-19.79,1383.49,392
125000,-19.75,1390.43,395
126000,-19.75,1395.35,397
127000,-19.75,1401.56,401
128000,-19.74,1406.37,403
129000,-19.74,1413.17,405
130000,-19.7,1418.79,409
131000,-19.7,1421.17,411
132000,-19.7,1429.63,413
133000,-19.65,1438.76,416
134000,-19.64,1446.88,418
135000,-19.64,1449.89,420
136000,-19.63,1464.41,423
137000,-19.59,1475.07,424
138000,-19.55,1488.2,427
139000,-19.54,1497.51,429
140000,-19.54,1506.42,431
141000,-19.54,1524.0,434
142000,-19.51,1532.2,435
143000,-19.44,1556.8,438
144000,-19.42,1565.58,440
145000,-19.41,1570.36,441
146000,-19.32,1597.34,444
147000,-19.32,1608.07,446
148000,-19.24,1621.38,448
149000,-19.22,1629.7,450
150000,-19.22,1643.68,452
151000,-19.21,1653.6,454
152000,-19.21,1661.65,457
153000,-19.2,1666.59,458
154000,-19.18,1678.93,461
155000,-19.18,1678.93,461
156000,-19.17,1699.53,464
157000,-19.15,1711.16,466
158000,-19.12,1719.45,468
159000,-19.13,1723.55,469
160000,-19.13,1741.55,472
161000,-19.14,1748.15,473
162000,-19.14,1767.24,476
163000,-19.11,1775.36,477
164000,-19.09,1784.22,479
165000,-19.03,1793.55,481
166000,-19.04,1807.1,483
167000,-19.0,1823.08,485
168000,-19.03,1834.73,487
169000,-19.0,1854.35,489
170000,-19.0,1854.35,489
171000,-18.98,1877.54,493
172000,-18.97,1878.25,494
173000,-18.92,1896.05,497
174000,-18.9,1904.01,498
175000,-18.91,1904.78,499
176000,-18.82,1931.65,502
177000,-18.81,1937.45,503
178000,-18.76,1958.93,505
179000,-18.69,1978.19,507
180000,-18.69,1978.19,507
181000,-18.63,2007.11,510
182000,-18.59,2015.55,511
183000,-18.56,2021.58,513
184000,-18.53,2038.19,515
185000,-18.51,2049.99,517
186000,-18.45,2064.94,519
187000,-18.43,2064.91,521
188000,-18.43,2064.91,521
189000,-18.31,2088.42,525
190000,-18.31,2088.42,525
191000,-18.32,2097.86,527
192000,-18.3,2113.36,529
193000,-18.28,2120.51,530
194000,-18.21,2127.05,533
195000,-18.21,2125.61,534
196000,-18.21,2130.13,537
197000,-18.22,2128.87,538
198000,-18.13,2155.46,541
199000,-18.13,2155.46,541
200000,-18.18,2153.97,543
201000,-18.14,2165.91,545
202000,-18.12,2181.65,547
203000,-18.14,2182.09,548
204000,-18.16,2188.59,550
205000,-18.15,2189.2,552
206000,-18.12,2192.53,553
207000,-18.15,2194.85,555
208000,-18.13,2202.26,556
209000,-18.11,2227.17,559
210000,-18.07,2238.31,560
211000,-18.06,2243.58,561
212000,-17.99,2261.94,563
213000,-17.99,2261.94,563
214000,-17.95,2282.92,567
215000,-17.95,2282.92,567
216000,-17.95,2289.44,568
217000,-17.84,2311.3,571
218000,-17.84,2311.3,571
219000,-17.74,2327.19,573
220000,-17.67,2345.85,575
221000,-17.67,2345.85,575
222000,-17.67,2352.32,577
223000,-17.64,2367.35,579
224000,-17.64,2367.35,579
225000,-17.66,2385.24,581
226000,-17.63,2404.17,583
227000,-17.61,2409.53,585
228000,-17.61,2409.53,585
229000,-17.56,2418.36,586
230000,-17.51,2431.93,588
231000,-17.53,2443.21,590
232000,-17.51,2442.9,591
233000,-17.49,2458.06,593
234000,-17.49,2458.06,593
235000,-17.51,2478.69,595
236000,-17.5,2492.28,597
237000,-17.5,2495.96,598
238000,-17.43,2514.01,600
239000,-17.41,2518.3,601
240000,-17.38,2525.32,602
241000,-17.32,2529.18,604
242000,-17.34,2531.76,605
243000,-17.38,2543.02,608
244000,-17.38,2543.02,608
245000,-17.35,2554.58,609
246000,-17.27,2573.48,612
247000,-17.27,2573.48,612
248000,-17.27,2573.48,612
249000,-17.27,2587.11,614
250000,-17.18,2616.88,616
251000,-17.21,2621.15,617
252000,-17.24,2627.77,619
253000,-17.22,2638.59,620
254000,-17.21,2650.78,621
255000,-17.22,2659.31,623
256000,-17.22,2665.67,624
257000,-17.22,2665.67,624
258000,-17.19,2684.17,627
259000,-17.17,2688.65,628
260000,-17.15,2692.31,629
261000,-17.09,2718.83,632
262000,-17.09,2718.83,632
263000,-17.07,2726.38,633
264000,-17.0,2749.71,636
265000,-17.0,2749.71,636
266000,-17.0,2756.63,637
267000,-16.94,2767.55,639
268000,-16.89,2782.03,641
269000,-16.89,2782.03,641
270000,-16.79,2802.04,643
271000,-16.79,2802.04,643
272000,-16.75,2820.07,645
273000,-16.65,2830.16,647
274000,-16.65,2830.16,647
275000,-16.59,2846.35,649
276000,-16.53,2855.12,650
277000,-16.48,2862.51,651
278000,-16.45,2885.03,654
279000,-16.45,2885.03,654
280000,-16.4,2888.54,657
281000,-16.4,2889.95,658
282000,-16.4,2889.95,658
283000,-16.32,2904.93,661
284000,-16.34,2902.22,662
285000,-16.34,2902.22,662
286000,-16.26,2910.0,663
287000,-16.19,2924.31,666
288000,-16.19,2924.31,666
289000,-16.19,2924.31,666
290000,-16.15,2942.27,669
291000,-16.09,2957.41,670
292000,-16.14,2946.74,671
293000,-16.17,2951.13,674
294000,-16.17,2951.13,674
295000,-16.18,2950.55,675
296000,-16.13,2959.55,676
297000,-16.02,2974.29,678
298000,-15.98,2980.42,679
299000,-15.94,2974.15,681
300000,-15.9,2979.3,682
301000,-15.93,2967.44,684
302000,-15.9,2971.73,685
303000,-15.9,2971.73,685
304000,-15.89,2969.16,688
305000,-15.92,2968.03,689
306000,-15.96,2967.63,691
307000,-15.94,2972.19,692
308000,-15.94,2972.19,692
309000,-15.89,2976.65,694
310000,-15.78,2993.58,696
311000,-15.78,2993.46,697
312000,-15.72,3000.83,698
313000,-15.71,3002.21,699
314000,-15.69,3002.72,700
315000,-15.65,3013.64,702
316000,-15.6,3022.54,703
317000,-15.6,3025.54,705
318000,-15.58,3022.6,706
319000,-15.56,3027.33,707
320000,-15.57,3030.14,708
321000,-15.56,3032.85,709
322000,-15.54,3041.65,711
323000,-15.6,3038.17,712
324000,-15.57,3036.6,714
325000,-15.59,3034.11,715
326000,-15.6,3024.31,716
327000,-15.53,3029.47,718
328000,-15.53,3029.47,718
329000,-15.53,3030.1,719
330000,-15.45,3047.79,720
331000,-15.4,3059.09,722
332000,-15.4,3059.09,722
333000,-15.33,3071.29,724
334000,-15.28,3077.68,726
335000,-15.28,3077.68,726
336000,-15.27,3084.79,727
337000,-15.23,3094.92,730
338000,-15.23,3094.92,730
339000,-15.26,3094.48,731
340000,-15.26,3094.48,731
341000,-15.22,3112.04,734
342000,-15.22,3112.04,734
343000,-15.16,3122.34,735
344000,-15.16,3141.5,738
345000,-15.16,3141.5,738
346000,-15.16,3141.5,738
347000,-15.07,3160.76,741
348000,-15.08,3168.49,742
349000,-15.08,3168.49,742
350000,-15.13,3150.21,744
351000,-15.13,3153.28,745
352000,-15.15,3162.2,746
353000,-15.23,3158.64,747
354000,-15.24,3168.33,749
355000,-15.24,3168.33,749
356000,-15.24,3179.57,750
357000,-15.21,3195.69,753
358000,-15.21,3195.69,753
359000,-15.16,3202.4,754
360000,-15.19,3197.04,755
361000,-15.01,3223.69,758
362000,-15.01,3223.69,758
363000,-15.0,3222.54,759
364000,-15.01,3225.76,760
365000,-15.03,3227.39,762
366000,-15.08,3221.94,763
367000,-15.08,3221.94,763
368000,-15.09,3232.61,766
369000,-15.09,3232.61,766
370000,-15.04,3249.99,767
371000,-15.05,3242.47,769
372000,-15.11,3230.7,770
373000,-15.11,3230.7,770
374000,-15.08,3247.49,773
375000,-15.07,3259.84,774
376000,-15.07,3259.84,774
377000,-15.07,3259.84,774
378000,-15.03,3275.15,778
379000,-15.03,3275.15,778
380000,-15.08,3269.89,779
381000,-15.12,3273.72,782
382000,-15.12,3273.72,782
383000,-15.12,3273.72,782
384000,-15.08,3294.3,785
385000,-15.11,3292.5,786
386000,-15.11,3292.5,786
387000,-15.07,3300.49,788
388000,-15.0,3308.48,790
389000,-15.0,3308.48,790
390000,-14.93,3300.65,793
391000,-14.91,3304.07,794
392000,-15.04,3272.64,796
393000,-15.06,3262.43,798
394000,-15.08,3259.98,799
395000,-15.15,3247.13,800
396000,-15.21,3242.36,802
397000,-15.21,3242.36,802
398000,-15.26,3237.59,804
399000,-15.19,3244.69,805
400000,-15.14,3256.11,806
401000,-15.11,3260.21,807
402000,-15.04,3266.79,809
403000,-15.05,3260.76,810
404000,-15.01,3262.65,811
405000,-15.01,3261.33,813
406000,-15.01,3261.33,813
407000,-14.97,3272.56,815
408000,-15.0,3271.09,816
409000,-14.97,3276.81,817
410000,-15.01,3277.38,818
411000,-15.01,3271.4,820
412000,-15.01,3274.37,821
413000,-15.08,3265.29,822
414000,-15.08,3265.29,822
415000,-15.01,3286.05,824
416000,-15.01,3286.57,825
417000,-14.99,3290.32,826
418000,-15.0,3286.01,827
419000,-15.0,3294.24,829
420000,-15.0,3294.24,829
421000,-14.97,3301.09,831
422000,-14.93,3301.92,832
423000,-14.93,3301.99,833
424000,-14.93,3301.99,833
425000,-14.95,3288.64,836
426000,-14.93,3296.24,837
427000,-14.93,3296.24,837
428000,-14.93,3296.24,837
429000,-14.96,3300.23,839
430000,-15.01,3310.39,841
431000,-15.01,3310.39,841
432000,-14.97,3312.22,842
433000,-14.93,3321.05,843
434000,-14.92,3336.25,845
435000,-14.96,3323.01,846
436000,-14.88,3330.95,847
437000,-14.87,3324.47,848
438000,-14.87,3324.47,848
439000,-14.82,3330.4,850
440000,-14.78,3338.44,852
441000,-14.8,3334.04,853
442000,-14.84,3330.34,854
443000,-14.86,3333.89,855
444000,-14.85,3340.35,856
445000,-14.91,3339.12,858
446000,-14.91,3339.12,858
447000,-14.93,3343.9,859
448000,-14.95,3343.22,861
449000,-14.99,3343.24,862
450000,-14.99,3349.66,863
451000,-14.99,3342.97,864
452000,-14.98,3348.87,865
453000,-14.93,3368.91,866
454000,-14.93,3368.91,866
455000,-14.9,3366.81,867
456000,-14.83,3398.85,869
457000,-14.76,3410.56,870
458000,-14.76,3410.56,870
459000,-14.79,3422.79,872
460000,-14.73,3430.62,873
461000,-14.73,3430.62,873
462000,-14.72,3433.26,874
463000,-14.75,3431.66,876
464000,-14.76,3426.43,877
465000,-14.76,3426.43,877
466000,-14.76,3433.96,878
467000,-14.66,3461.95,881
468000,-14.66,3461.95,881
469000,-14.66,3461.95,881
470000,-14.7,3465.46,883
471000,-14.73,3475.7,885
472000,-14.73,3475.7,885
473000,-14.73,3475.7,885
474000,-14.69,3500.34,887
475000,-14.66,3516.56,889
476000,-14.66,3516.56,889
477000,-14.71,3512.8,890
478000,-14.73,3532.74,893
479000,-14.73,3532.74,893
480000,-14.73,3532.74,893
481000,-14.61,3560.7,896
482000,-14.54,3573.07,897
483000,-14.54,3573.07,897
484000,-14.51,3594.51,899
485000,-14.51,3594.51,899
486000,-14.39,3629.49,901
487000,-14.39,3629.49,901
488000,-14.32,3642.17,903
489000,-14.31,3639.64,904
490000,-14.31,3639.64,904
491000,-14.32,3647.09,906
492000,-14.34,3647.28,908
493000,-14.34,3647.28,908
494000,-14.34,3647.28,908
495000,-14.31,3665.22,910
496000,-14.33,3676.6,912
497000,-14.33,3676.6,912
498000,-14.34,3674.38,913
499000,-14.33,3675.87,914
500000,-14.26,3699.12,916
501000,-14.27,3694.8,917
502000,-14.27,3694.8,917
503000,-14.19,3693.07,919
504000,-14.14,3703.32,920
505000,-14.08,3699.64,921
506000,-13.99,3696.56,923
507000,-13.99,3696.56,923
508000,-13.98,3682.62,924
509000,-14.02,3683.56,926
510000,-13.95,3688.3,927
511000,-13.96,3687.34,928
512000,-13.89,3687.37,929
513000,-13.92,3684.85,931
514000,-14.0,3674.68,932
515000,-14.0,3674.68,932
516000,-14.03,3675.29,933
517000,-14.0,3697.94,935
518000,-13.97,3708.53,936
519000,-13.97,3708.53,936
520000,-13.98,3702.14,937
521000,-13.89,3701.46,939
522000,-13.89,3697.18,940
523000,-13.91,3687.02,941
524000,-13.98,3676.89,944
525000,-13.98,3676.89,944
526000,-13.98,3676.89,944
527000,-13.95,3673.51,945
528000,-13.91,3687.23,948
529000,-13.91,3687.23,948
530000,-13.96,3675.82,949
531000,-14.0,3671.36,950
532000,-13.99,3675.71,951
533000,-13.91,3685.68,952
534000,-13.91,3685.68,952
535000,-13.84,3707.87,954
536000,-13.76,3719.18,955
537000,-13.76,3719.18,955
538000,-13.74,3739.68,957
539000,-13.73,3749.17,958
540000,-13.72,3753.88,959
541000,-13.72,3753.88,959
542000,-13.69,3763.9,960
543000,-13.66,3776.5,961
544000,-13.66,3776.5,961
545000,-13.48,3809.35,963
546000,-13.42,3816.17,965
547000,-13.42,3816.17,965
548000,-13.42,3816.17,965
549000,-13.55,3795.08,967
550000,-13.55,3795.08,967
551000,-13.59,3789.4,968
552000,-13.49,3816.36,969
553000,-13.49,3816.36,969
554000,-13.46,3829.65,971
555000,-13.41,3833.51,972
556000,-13.41,3833.51,972
557000,-13.47,3819.92,974
558000,-13.47,3829.04,975
559000,-13.45,3829.05,976
560000,-13.45,3829.05,976
561000,-13.5,3830.38,978
562000,-13.5,3830.38,978
563000,-13.47,3836.62,980
564000,-13.47,3832.67,981
565000,-13.46,3840.48,982
566000,-13.42,3837.22,984
567000,-13.37,3832.0,985
568000,-13.37,3832.0,985
569000,-13.35,3828.05,986
570000,-13.28,3819.14,989
571000,-13.28,3819.14,989
572000,-13.28,3819.14,989
573000,-13.24,3826.29,990
574000,-13.11,3850.6,993
575000,-13.11,3850.6,993
576000,-13.11,3850.6,993
577000,-13.11,3850.6,993
578000,-13.11,3866.74,996
579000,-13.13,3878.74,997
580000,-13.13,3878.74,997
581000,-13.09,3876.29,999
582000,-13.16,3868.24,1000
583000,-13.2,3861.92,1001
584000,-13.28,3844.01,1003
585000,-13.28,3844.01,1003
586000,-13.25,3852.83,1004
587000,-13.21,3850.48,1007
588000,-13.21,3850.48,1007
589000,-13.21,3850.48,1007
590000,-13.28,3827.28,1010
591000,-13.29,3824.17,1011
592000,-13.29,3824.17,1011
593000,-13.29,3824.17,1011
594000,-13.22,3843.13,1014
595000,-13.22,3843.13,1014
596000,-13.19,3847.61,1015
597000,-13.19,3847.61,1015
598000,-13.15,3857.27,1017
599000,-13.14,3869.85,1018
600000,-13.15,3874.99,1019
601000,-13.16,3870.62,1020
602000,-13.21,3882.16,1022
603000,-13.21,3882.16,1022
604000,-13.23,3885.02,1023
605000,-13.3,3885.23,1024
606000,-13.23,3891.65,1026
607000,-13.25,3890.6,1027
608000,-13.25,3890.6,1027
609000,-13.23,3892.16,1028
610000,-13.22,3901.62,1030
611000,-13.22,3904.97,1031
612000,-13.22,3904.97,1031
613000,-13.17,3912.41,1032
614000,-13.12,3922.9,1034
615000,-13.11,3918.59,1035
616000,-13.11,3918.59,1035
617000,-13.11,3918.59,1035
618000,-13.11,3933.43,1038
619000,-13.1,3946.5,1039
620000,-13.1,3946.5,1039
621000,-13.1,3946.5,1039
622000,-13.1,3942.81,1040
623000,-13.04,3969.7,1042
624000,-13.04,3969.7,1042
625000,-12.92,4000.82,1044
626000,-12.92,4000.82,1044
627000,-12.9,4008.94,1045
628000,-12.88,4029.9,1046
629000,-12.89,4027.86,1048
630000,-12.89,4027.86,1048
631000,-12.85,4026.48,1049
632000,-12.79,4040.88,1050
633000,-12.81,4033.99,1051
634000,-12.79,4034.94,1052
635000,-12.78,4027.89,1053
636000,-12.81,4020.86,1055
637000,-12.84,4000.41,1056
638000,-12.84,4000.41,1056
639000,-12.78,4007.66,1057
640000,-12.79,4006.23,1058
641000,-12.73,4011.33,1059
642000,-12.64,4023.59,1060
643000,-12.66,4015.85,1061
644000,-12.69,4010.13,1062
645000,-12.73,3997.12,1063
646000,-12.76,3984.89,1065
647000,-12.76,3978.1,1066
648000,-12.76,3978.1,1066
649000,-12.76,3978.1,1066
650000,-12.73,3953.09,1069
651000,-12.71,3943.58,1070
652000,-12.71,3943.58,1070
653000,-12.71,3933.91,1071
654000,-12.7,3944.08,1073
655000,-12.67,3939.7,1074
656000,-12.67,3939.7,1074
657000,-12.71,3923.85,1076
658000,-12.71,3923.85,1076
659000,-12.63,3927.43,1077
660000,-12.55,3942.81,1078
661000,-12.52,3938.08,1080
662000,-12.52,3938.08,1080
663000,-12.47,3935.63,1082
664000,-12.44,3937.29,1083
665000,-12.43,3943.33,1084
666000,-12.43,3943.33,1084
667000,-12.45,3944.5,1086
668000,-12.48,3951.59,1087
669000,-12.46,3967.34,1088
670000,-12.46,3967.34,1088
671000,-12.46,3967.34,1088
672000,-12.33,3984.35,1091
673000,-12.33,3984.35,1091
674000,-12.4,3975.74,1092
675000,-12.38,3970.63,1093
676000,-12.32,3980.52,1095
677000,-12.32,3980.52,1095
678000,-12.35,3985.13,1096
679000,-12.35,3975.92,1097
680000,-12.32,3983.93,1098
681000,-12.32,3983.93,1098
682000,-12.24,4002.68,1100
683000,-12.2,4007.89,1101
684000,-12.18,4018.05,1102
685000,-12.17,4017.0,1103
686000,-12.19,4016.46,1104
687000,-12.24,4012.93,1106
688000,-12.24,4012.93,1106
689000,-12.25,4015.02,1108
690000,-12.25,4015.02,1108
691000,-12.23,4021.9,1109
692000,-12.2,4038.11,1110
693000,-12.1,4041.21,1112
694000,-12.16,4029.21,1113
695000,-12.16,4029.21,1113
696000,-12.15,4019.98,1115
697000,-12.16,4012.63,1116
698000,-12.17,4016.01,1117
699000,-12.17,4016.01,1117
700000,-12.18,4008.75,1118
701000,-12.13,4017.4,1119
702000,-12.11,4027.54,1120
703000,-12.03,4046.85,1121
704000,-12.04,4049.12,1122
705000,-12.03,4050.92,1123
706000,-12.03,4050.92,1123
707000,-12.02,4060.64,1125
708000,-12.02,4060.64,1125
709000,-12.03,4063.57,1126
710000,-11.96,4078.44,1128
711000,-11.95,4081.62,1129
712000,-11.95,4081.62,1129
713000,-11.95,4081.62,1129
714000,-11.92,4091.99,1132
715000,-11.85,4103.64,1133
716000,-11.85,4103.64,1133
717000,-11.85,4103.64,1133
718000,-11.88,4099.29,1134
719000,-11.84,4104.53,1136
720000,-11.8,4120.27,1137
721000,-11.8,4120.27,1137
722000,-11.8,4120.27,1137
723000,-11.83,4110.63,1139
724000,-11.76,4125.77,1141
725000,-11.76,4125.77,1141
726000,-11.76,4125.77,1141
727000,-11.8,4111.13,1142
728000,-11.89,4099.39,1144
729000,-11.85,4110.32,1145
730000,-11.85,4110.32,1145
731000,-11.85,4110.32,1145
732000,-11.83,4101.53,1146
733000,-11.69,4131.78,1148
734000,-11.65,4142.08,1149
735000,-11.65,4142.08,1149
736000,-11.65,4133.23,1151
737000,-11.65,4133.23,1151
738000,-11.61,4151.34,1153
739000,-11.61,4151.34,1153
740000,-11.6,4151.56,1155
741000,-11.6,4151.56,1155
742000,-11.56,4161.57,1157
743000,-11.56,4161.57,1157
744000,-11.54,4149.75,1159
745000,-11.54,4149.75,1159
746000,-11.55,4139.62,1160
747000,-11.53,4142.8,1161
748000,-11.45,4147.21,1163
749000,-11.45,4147.21,1163
750000,-11.38,4156.82,1165
751000,-11.35,4156.62,1166
752000,-11.31,4153.84,1167
753000,-11.33,4148.02,1168
754000,-11.35,4138.71,1169
755000,-11.4,4137.6,1170
756000,-11.4,4137.6,1170
757000,-11.3,4142.54,1172
758000,-11.3,4142.95,1173
759000,-11.27,4148.55,1174
760000,-11.3,4145.05,1175
761000,-11.24,4147.36,1176
762000,-11.22,4152.51,1177
763000,-11.29,4133.63,1178
764000,-11.25,4134.17,1179
765000,-11.26,4134.91,1180
766000,-11.2,4135.63,1181
767000,-11.13,4138.77,1182
768000,-11.11,4142.88,1183
769000,-11.09,4140.23,1184
770000,-11.12,4135.28,1185
771000,-11.06,4132.5,1187
772000,-11.05,4123.05,1188
773000,-11.05,4123.05,1188
774000,-11.08,4121.56,1189
775000,-11.14,4108.0,1191
776000,-11.14,4108.0,1191
777000,-11.07,4107.18,1192
778000,-11.04,4109.93,1193
779000,-10.97,4113.59,1194
780000,-10.92,4122.69,1195
781000,-10.87,4120.65,1196
782000,-10.9,4116.84,1197
783000,-10.86,4123.64,1198
784000,-10.91,4108.78,1199
785000,-10.88,4112.96,1200
786000,-10.88,4112.96,1200
787000,-10.82,4122.58,1202
788000,-10.82,4122.58,1202
789000,-10.72,4138.28,1204
790000,-10.72,4138.28,1204
791000,-10.76,4137.82,1205
792000,-10.7,4145.52,1207
793000,-10.63,4156.11,1208
794000,-10.63,4156.11,1208
795000,-10.6,4143.98,1210
796000,-10.6,4143.98,1210
797000,-10.53,4156.39,1211
798000,-10.54,4162.95,1212
799000,-10.5,4165.09,1214
800000,-10.5,4165.09,1214
801000,-10.49,4170.43,1216
802000,-10.48,4158.41,1217
803000,-10.42,4161.5,1218
804000,-10.42,4161.5,1218
805000,-10.44,4156.7,1219
806000,-10.48,4127.04,1221
807000,-10.42,4133.85,1222
808000,-10.45,4126.88,1223
809000,-10.45,4126.88,1223
810000,-10.49,4102.15,1226
811000,-10.49,4102.15,1226
812000,-10.45,4109.93,1227
813000,-10.62,4063.15,1230
814000,-10.62,4063.15,1230
815000,-10.62,4063.15,1230
816000,-10.54,4052.7,1232
817000,-10.59,4036.3,1234
818000,-10.59,4036.3,1234
819000,-10.59,4036.3,1234
820000,-10.65,3995.11,1238
821000,-10.65,3995.11,1238
822000,-10.65,3995.11,1238
823000,-10.65,3995.11,1238
824000,-10.66,3989.04,1240
825000,-10.54,4006.37,1242
826000,-10.54,4006.37,1242
827000,-10.54,4006.37,1242
828000,-10.42,4010.4,1244
829000,-10.42,4010.4,1244
830000,-10.43,4008.77,1246
831000,-10.43,4008.77,1246
832000,-10.43,4008.77,1246
833000,-10.45,3988.86,1249
834000,-10.43,3995.68,1250
835000,-10.43,3995.68,1250
836000,-10.43,3995.68,1250
837000,-10.43,3991.31,1252
838000,-10.45,3988.7,1253
839000,-10.43,3996.02,1254
840000,-10.43,3996.02,1254
841000,-10.47,3995.86,1255
842000,-10.45,3996.55,1256
843000,-10.34,4015.84,1258
844000,-10.34,4015.84,1258
845000,-10.34,4015.84,1258
846000,-10.42,4006.13,1259
847000,-10.43,4018.43,1262
848000,-10.43,4018.43,1262
849000,-10.43,4018.43,1262
850000,-10.52,4013.76,1264
851000,-10.45,4030.86,1266
852000,-10.45,4030.86,1266
853000,-10.5,4026.31,1267
854000,-10.5,4026.31,1267
855000,-10.47,4046.11,1269
856000,-10.42,4054.47,1270
857000,-10.42,4054.47,1270
858000,-10.45,4057.38,1271
859000,-10.45,4057.38,1271
860000,-10.43,4067.7,1274
861000,-10.43,4067.7,1274
862000,-10.39,4074.78,1275
863000,-10.39,4074.78,1275
864000,-10.44,4079.12,1276
865000,-10.41,4097.31,1278
866000,-10.42,4097.79,1279
867000,-10.42,4097.79,1279
868000,-10.53,4081.27,1281
869000,-10.6,4086.37,1282
870000,-10.54,4095.37,1283
871000,-10.54,4095.37,1283
872000,-10.51,4100.98,1284
873000,-10.44,4113.18,1285
874000,-10.44,4113.18,1285
875000,-10.38,4136.68,1286
876000,-10.32,4156.56,1288
877000,-10.32,4156.56,1288
878000,-10.26,4163.86,1289
879000,-10.26,4159.44,1290
880000,-10.2,4164.16,1291
881000,-10.22,4164.34,1293
882000,-10.22,4164.34,1293
883000,-10.22,4164.34,1293
884000,-10.24,4156.15,1295
885000,-10.21,4160.55,1297
886000,-10.21,4160.55,1297
887000,-10.24,4148.54,1298
888000,-10.32,4135.23,1300
889000,-10.29,4138.28,1301
890000,-10.29,4138.28,1301
891000,-10.33,4129.04,1302
892000,-10.31,4129.6,1303
893000,-10.27,4129.25,1305
894000,-10.27,4129.25,1305
895000,-10.36,4118.84,1306
896000,-10.36,4118.84,1306
897000,-10.39,4118.05,1308
898000,-10.26,4133.12,1309
899000,-10.19,4152.01,1310
900000,-10.19,4152.01,1310
901000,-10.3,4128.06,1312
902000,-10.26,4140.76,1313
903000,-10.26,4140.76,1313
904000,-10.21,4144.1,1314
905000,-10.14,4161.32,1316
906000,-10.05,4181.07,1317
907000,-10.05,4181.07,1317
908000,-10.07,4164.15,1319
909000,-10.07,4164.15,1319
910000,-10.03,4178.09,1321
911000,-10.09,4163.35,1322
912000,-10.11,4161.6,1323
913000,-10.11,4161.6,1323
914000,-10.0,4174.35,1325
915000,-9.96,4180.76,1326
916000,-9.97,4178.11,1327
917000,-9.97,4172.3,1328
918000,-9.97,4172.3,1328
919000,-9.86,4195.99,1331
920000,-9.82,4202.01,1332
921000,-9.82,4202.01,1332
922000,-9.82,4202.01,1332
923000,-9.77,4196.44,1334
924000,-9.8,4195.42,1336
925000,-9.8,4195.42,1336
926000,-9.8,4195.42,1336
927000,-9.73,4206.92,1338
928000,-9.69,4207.03,1340
929000,-9.69,4207.03,1340
930000,-9.69,4207.03,1340
931000,-9.7,4196.49,1342
932000,-9.7,4190.05,1343
933000,-9.69,4194.13,1344
934000,-9.69,4182.81,1345
935000,-9.72,4164.24,1346
936000,-9.77,4154.73,1348
937000,-9.77,4154.73,1348
938000,-9.71,4151.96,1350
939000,-9.71,4141.54,1351
940000,-9.73,4136.57,1352
941000,-9.73,4136.57,1352
942000,-9.78,4110.21,1354
943000,-9.7,4115.34,1355
944000,-9.7,4110.44,1356
945000,-9.7,4110.44,1356
946000,-9.67,4113.94,1357
947000,-9.69,4105.59,1359
948000,-9.67,4109.42,1360
949000,-9.67,4109.42,1360
950000,-9.66,4099.5,1361
951000,-9.68,4090.45,1362
952000,-9.56,4104.44,1364
953000,-9.56,4104.44,1364
954000,-9.56,4104.44,1364
955000,-9.55,4108.35,1366
956000,-9.54,4116.05,1367
957000,-9.47,4120.08,1368
958000,-9.48,4109.21,1369
959000,-9.48,4109.21,1369
960000,-9.43,4108.96,1371
961000,-9.43,4108.96,1371
962000,-9.4,4113.51,1372
963000,-9.25,4118.2,1373
964000,-9.23,4110.1,1374
965000,-9.23,4110.1,1374
966000,-9.16,4122.43,1375
967000,-9.18,4124.4,1377
968000,-9.18,4124.4,1377
969000,-9.05,4128.03,1378
970000,-9.05,4131.76,1379
971000,-8.91,4155.68,1381
972000,-8.91,4155.68,1381
973000,-8.89,4148.2,1382
974000,-8.79,4150.03,1383
975000,-8.83,4143.37,1384
976000,-8.91,4117.03,1386
977000,-8.91,4117.03,1386
978000,-8.91,4117.03,1386
979000,-8.96,4109.81,1387
980000,-8.86,4117.68,1388
981000,-8.85,4119.84,1390
982000,-8.85,4119.84,1390
983000,-8.85,4119.84,1390
984000,-8.9,4122.4,1393
985000,-8.92,4115.16,1394
986000,-8.92,4115.16,1394
987000,-9.0,4098.06,1395
988000,-9.01,4098.4,1396
989000,-8.9,4113.26,1398
990000,-8.9,4113.26,1398
991000,-8.79,4123.58,1399
992000,-8.79,4123.58,1399
993000,-8.73,4132.18,1401
994000,-8.71,4142.35,1402
995000,-8.72,4141.8,1403
996000,-8.72,4141.8,1403
997000,-8.77,4136.16,1405
998000,-8.7,4147.82,1406
999000,-8.71,4151.03,1407
1000000,-8.71,4151.03,1407
1001000,-8.66,4147.61,1408
1002000,-8.74,4140.44,1410
1003000,-8.74,4140.44,1410
1004000,-8.67,4152.57,1411
1005000,-8.67,4154.55,1412
1006000,-8.68,4148.65,1413
1007000,-8.77,4146.49,1414
1008000,-8.8,4139.59,1415
1009000,-8.85,4138.38,1416
1010000,-8.85,4138.38,1416
1011000,-8.99,4127.18,1418
1012000,-8.96,4146.93,1419
1013000,-8.98,4146.03,1420
1014000,-9.03,4139.7,1421
1015000,-9.02,4143.19,1422
1016000,-8.93,4153.59,1423
1017000,-8.93,4153.59,1423
1018000,-8.93,4153.59,1423
1019000,-8.91,4152.52,1426
1020000,-8.86,4173.42,1427
1021000,-8.86,4173.42,1427
1022000,-8.82,4186.39,1428
1023000,-8.83,4184.09,1430
1024000,-8.87,4182.74,1431
1025000,-8.87,4182.74,1431
1026000,-8.87,4182.74,1431
1027000,-8.84,4194.01,1433
1028000,-8.84,4194.01,1433
1029000,-8.71,4231.1,1435
1030000,-8.71,4231.1,1435
1031000,-8.71,4231.1,1435
1032000,-8.56,4242.68,1438
1033000,-8.56,4242.68,1438
1034000,-8.57,4251.82,1439
1035000,-8.57,4251.82,1439
1036000,-8.62,4246.86,1442
1037000,-8.62,4246.86,1442
1038000,-8.62,4246.86,1442
1039000,-8.62,4246.86,1442
1040000,-8.55,4255.45,1444
1041000,-8.42,4288.89,1446
1042000,-8.42,4288.89,1446
1043000,-8.42,4288.89,1446
1044000,-8.4,4286.63,1447
1045000,-8.34,4293.03,1449
1046000,-8.34,4293.03,1449
1047000,-8.28,4315.73,1450
1048000,-8.28,4315.73,1450
1049000,-8.19,4342.74,1452
1050000,-8.11,4356.82,1453
1051000,-8.11,4356.82,1453
1052000,-8.16,4361.59,1455
1053000,-8.19,4359.9,1457
1054000,-8.19,4359.9,1457
1055000,-8.19,4359.9,1457
1056000,-8.18,4364.23,1458
1057000,-8.1,4366.39,1459
1058000,-8.06,4377.17,1461
1059000,-8.06,4377.17,1461
1060000,-8.09,4370.02,1462
1061000,-8.16,4365.23,1463
1062000,-8.1,4364.59,1465
1063000,-8.1,4364.59,1465
1064000,-8.1,4364.59,1465
1065000,-8.1,4353.89,1467
1066000,-8.02,4363.19,1469
1067000,-8.02,4363.19,1469
1068000,-8.02,4363.19,1469
1069000,-8.03,4364.9,1470
1070000,-8.24,4330.5,1473
1071000,-8.24,4330.5,1473
1072000,-8.31,4322.42,1474
1073000,-8.31,4322.42,1474
1074000,-8.36,4309.63,1476
1075000,-8.42,4289.78,1478
1076000,-8.42,4289.78,1478
1077000,-8.42,4289.78,1478
1078000,-8.43,4277.83,1480
1079000,-8.38,4286.56,1482
1080000,-8.38,4286.56,1482
1081000,-8.38,4286.56,1482
1082000,-8.52,4285.04,1484
1083000,-8.58,4278.78,1486
1084000,-8.58,4278.78,1486
1085000,-8.58,4278.78,1486
1086000,-8.6,4277.92,1487
1087000,-8.6,4278.72,1488
1088000,-8.6,4278.72,1488
1089000,-8.49,4301.47,1490
1090000,-8.52,4294.05,1491
1091000,-8.52,4294.05,1491
1092000,-8.44,4300.04,1493
1093000,-8.42,4305.45,1494
1094000,-8.39,4312.77,1495
1095000,-8.39,4312.77,1495
1096000,-8.26,4318.45,1496
1097000,-8.38,4303.36,1499
1098000,-8.38,4303.36,1499
1099000,-8.38,4303.36,1499
1100000,-8.38,4303.36,1499
1101000,-8.34,4300.56,1501
1102000,-8.2,4309.4,1503
1103000,-8.2,4309.4,1503
1104000,-8.2,4309.4,1503
1105000,-8.23,4288.95,1506
1106000,-8.23,4288.95,1506
1107000,-8.13,4297.25,1507
1108000,-8.13,4297.25,1507
1109000,-8.13,4297.25,1507
1110000,-8.16,4302.15,1511
1111000,-8.16,4302.15,1511
1112000,-8.16,4302.15,1511
1113000,-8.23,4291.51,1512
1114000,-8.24,4292.23,1513
1115000,-8.2,4297.74,1514
1116000,-8.06,4318.04,1516
1117000,-8.06,4318.04,1516
1118000,-8.1,4312.82,1518
1119000,-8.1,4312.82,1518
1120000,-8.16,4303.24,1519
1121000,-8.16,4309.36,1520
1122000,-8.16,4309.36,1520
1123000,-8.02,4332.43,1522
1124000,-8.04,4329.05,1523
1125000,-8.11,4319.8,1524
1126000,-8.11,4319.8,1524
1127000,-8.03,4336.67,1526
1128000,-8.03,4336.67,1526
1129000,-8.01,4328.83,1527
1130000,-7.94,4339.61,1528
1131000,-7.94,4339.61,1528
1132000,-7.82,4355.74,1530
1133000,-7.82,4355.74,1530
1134000,-7.75,4357.99,1531
1135000,-7.75,4357.99,1531
1136000,-7.66,4375.88,1534
1137000,-7.76,4340.95,1535
1138000,-7.76,4340.95,1535
1139000,-7.76,4340.95,1535
1140000,-7.79,4334.88,1536
1141000,-7.9,4324.38,1537
1142000,-7.82,4336.19,1539
1143000,-7.82,4336.19,1539
1144000,-7.82,4336.19,1539
1145000,-7.79,4338.92,1541
1146000,-7.74,4347.62,1542
1147000,-7.73,4358.96,1543
1148000,-7.73,4358.96,1543
1149000,-7.84,4338.97,1544
1150000,-7.89,4330.41,1547
1151000,-7.89,4330.41,1547
1152000,-7.89,4330.41,1547
1153000,-7.89,4330.41,1547
1154000,-7.96,4317.91,1551
1155000,-7.96,4317.91,1551
1156000,-7.96,4317.91,1551
1157000,-7.96,4317.91,1551
1158000,-7.96,4317.91,1551
1159000,-8.02,4319.55,1553
1160000,-7.86,4346.68,1555
1161000,-7.86,4346.68,1555
1162000,-7.86,4346.68,1555
1163000,-7.95,4344.92,1557
1164000,-7.96,4348.82,1558
1165000,-7.96,4348.82,1558
1166000,-7.9,4357.4,1559
1167000,-7.88,4354.16,1560
1168000,-7.87,4361.89,1562
1169000,-7.86,4354.01,1563
1170000,-7.86,4354.01,1563
1171000,-7.85,4357.09,1564
1172000,-7.87,4356.25,1565
1173000,-7.8,4362.41,1566
1174000,-7.85,4354.38,1567
1175000,-7.92,4349.16,1568
1176000,-7.94,4345.56,1569
1177000,-7.92,4350.7,1570
1178000,-7.86,4361.67,1571
1179000,-7.88,4363.24,1572
1180000,-7.88,4357.27,1573
1181000,-7.79,4374.68,1574
1182000,-7.77,4372.93,1575
1183000,-7.8,4363.48,1576
1184000,-7.8,4363.48,1576
1185000,-7.81,4365.87,1577
1186000,-7.69,4398.0,1579
1187000,-7.76,4389.57,1580
1188000,-7.76,4389.57,1580
1189000,-7.82,4379.44,1581
1190000,-7.88,4374.76,1583
1191000,-7.89,4378.19,1584
1192000,-7.89,4378.19,1584
1193000,-7.88,4378.12,1585
1194000,-7.79,4378.12,1587
1195000,-7.79,4378.12,1587
1196000,-7.87,4372.47,1588
1197000,-7.95,4357.51,1589
1198000,-8.02,4335.6,1591
1199000,-8.02,4335.6,1591
1200000,-8.01,4342.54,1592
1201000,-8.15,4323.58,1593
1202000,-8.04,4339.44,1595
1203000,-8.04,4339.44,1595
1204000,-8.13,4336.19,1596
1205000,-8.17,4326.17,1597
1206000,-8.14,4331.03,1598
1207000,-8.1,4334.98,1599
1208000,-8.1,4334.98,1599
1209000,-8.04,4344.01,1601
1210000,-8.07,4340.35,1602
1211000,-8.14,4329.81,1603
1212000,-8.14,4327.85,1604
1213000,-8.1,4339.5,1605
1214000,-8.14,4331.69,1606
1215000,-8.14,4331.69,1606
1216000,-8.11,4334.58,1607
1217000,-8.05,4340.79,1608
1218000,-8.05,4340.02,1609
1219000,-8.02,4339.16,1610
1220000,-8.01,4342.39,1611
1221000,-7.93,4351.7,1612
1222000,-7.92,4352.49,1613
1223000,-7.99,4315.6,1615
1224000,-7.99,4315.6,1615
1225000,-7.99,4315.6,1615
1226000,-7.9,4330.21,1617
1227000,-7.83,4332.77,1619
1228000,-7.83,4332.77,1619
1229000,-7.83,4332.77,1619
1230000,-7.8,4317.59,1621
1231000,-7.9,4307.74,1623
1232000,-7.9,4307.74,1623
1233000,-7.95,4295.56,1624
1234000,-8.05,4284.06,1625
1235000,-8.11,4277.88,1627
1236000,-8.11,4277.88,1627
1237000,-8.12,4274.43,1628
1238000,-8.1,4270.79,1629
1239000,-8.23,4255.29,1631
1240000,-8.23,4255.29,1631
1241000,-8.23,4255.29,1631
1242000,-8.22,4250.11,1633
1243000,-8.23,4246.03,1634
1244000,-8.05,4264.35,1635
1245000,-8.05,4264.35,1635
1246000,-8.1,4250.56,1637
1247000,-8.1,4250.56,1637
1248000,-8.1,4236.66,1639
1249000,-8.14,4222.28,1640
1250000,-8.21,4201.29,1642
1251000,-8.21,4201.29,1642
1252000,-8.25,4195.82,1643
1253000,-8.24,4193.91,1644
1254000,-8.27,4182.47,1645
1255000,-8.27,4182.47,1645
1256000,-8.21,4198.18,1647
1257000,-8.28,4184.62,1648
1258000,-8.34,4177.66,1649
1259000,-8.34,4171.91,1650
1260000,-8.4,4149.16,1652
1261000,-8.4,4149.16,1652
1262000,-8.4,4149.16,1652
1263000,-8.38,4116.99,1655
1264000,-8.26,4116.16,1656
1265000,-8.26,4116.16,1656
1266000,-8.26,4116.16,1656
1267000,-8.38,4083.77,1660
1268000,-8.38,4083.77,1660
1269000,-8.38,4083.77,1660
1270000,-8.38,4083.77,1660
1271000,-8.46,4074.2,1664
1272000,-8.46,4074.2,1664
1273000,-8.46,4074.2,1664
1274000,-8.48,4067.49,1665
1275000,-8.51,4060.98,1667
1276000,-8.41,4071.14,1668
1277000,-8.41,4071.14,1668
1278000,-8.41,4071.14,1668
1279000,-8.45,4062.62,1671
1280000,-8.39,4070.92,1672
1281000,-8.39,4070.92,1672
1282000,-8.39,4070.92,1672
1283000,-8.36,4077.75,1673
1284000,-8.26,4095.1,1676
1285000,-8.26,4095.1,1676
1286000,-8.26,4095.1,1676
1287000,-8.31,4079.76,1677
1288000,-8.34,4070.09,1679
1289000,-8.26,4081.23,1680
1290000,-8.26,4081.23,1680
1291000,-8.23,4091.31,1681
1292000,-8.22,4083.91,1682
1293000,-8.2,4084.15,1683
1294000,-8.11,4098.51,1684
1295000,-8.11,4098.51,1684
1296000,-8.07,4108.86,1686
1297000,-8.07,4108.86,1686
1298000,-8.06,4112.59,1687
1299000,-7.97,4122.17,1688
1300000,-7.97,4122.17,1688
1301000,-7.79,4150.98,1690
1302000,-7.79,4150.98,1690
1303000,-7.68,4157.09,1692
1304000,-7.68,4157.09,1692
1305000,-7.69,4154.53,1694
1306000,-7.77,4142.87,1695
1307000,-7.77,4141.92,1696
1308000,-7.77,4141.92,1696
1309000,-7.8,4138.59,1697
1310000,-7.7,4150.95,1699
1311000,-7.7,4150.95,1699
1312000,-7.7,4156.61,1700
1313000,-7.71,4156.59,1701
1314000,-7.74,4155.8,1702
1315000,-7.69,4154.37,1703
1316000,-7.69,4160.97,1704
1317000,-7.63,4165.45,1705
1318000,-7.63,4165.45,1705
1319000,-7.6,4167.69,1706
1320000,-7.58,4166.82,1707
1321000,-7.55,4154.16,1709
1322000,-7.55,4154.16,1709
1323000,-7.57,4147.97,1710
1324000,-7.49,4147.07,1712
1325000,-7.48,4140.65,1713
1326000,-7.48,4140.65,1713
1327000,-7.48,4140.65,1713
1328000,-7.47,4156.03,1715
1329000,-7.43,4152.5,1716
1330000,-7.34,4165.96,1717
1331000,-7.34,4165.96,1717
1332000,-7.34,4165.96,1717
1333000,-7.11,4191.67,1719
1334000,-7.0,4208.87,1720
1335000,-6.98,4215.45,1721
1336000,-6.99,4214.78,1722
1337000,-6.99,4214.78,1722
1338000,-6.95,4219.8,1723
1339000,-6.95,4219.8,1723
1340000,-6.71,4252.09,1726
1341000,-6.78,4236.25,1727
1342000,-6.78,4236.25,1727
1343000,-6.78,4236.25,1727
